<application>
  <component name="IntentionManagerSettings">
    <ignoreAction name="Java/Annotations/Add annotation" />
    <ignoreAction name="Java/Annotations/Annotate externally" />
    <ignoreAction name="Java/Annotations/Annotate overriding methods and their parameters" />
    <ignoreAction name="Java/Annotations/Deannotate" />
    <ignoreAction name="Java/Annotations/Edit method contract" />
    <ignoreAction name="Java/Annotations/Edit range" />
    <ignoreAction name="Java/Annotations/Make external annotations explicit" />
    <ignoreAction name="Java/Annotations/Make inferred annotations explicit" />
    <ignoreAction name="Java/Collections/Replace with 'Arrays.asList()'" />
    <ignoreAction name="Java/Collections/Replace with mutable collection" />
    <ignoreAction name="Java/Collections/Wrap with unmodifiable collection or map" />
    <ignoreAction name="Java/Comments/Move comment to separate line" />
    <ignoreAction name="Java/Comments/Replace with block comment" />
    <ignoreAction name="Java/Comments/Replace with end-of-line comment" />
    <ignoreAction name="Java/Concurrency/Convert to 'LongAdder'" />
    <ignoreAction name="Java/Concurrency/Convert to 'ThreadLocal'" />
    <ignoreAction name="Java/Concurrency/Convert to atomic" />
    <ignoreAction name="Java/Conditions/De Morgan's laws" />
    <ignoreAction name="Java/Conditions/Flip comparison" />
    <ignoreAction name="Java/Conditions/Flip conditional" />
    <ignoreAction name="Java/Conditions/Negate comparison" />
    <ignoreAction name="Java/Conditions/Negate conditional" />
    <ignoreAction name="Java/Conditions/Replace conditional expression with boolean expression" />
    <ignoreAction name="Java/Conditions/Simplify boolean expression" />
    <ignoreAction name="Java/Control flow/Collapse into loop" />
    <ignoreAction name="Java/Control flow/Create missing switch branches" />
    <ignoreAction name="Java/Control flow/Create switch statement" />
    <ignoreAction name="Java/Control flow/Expand boolean" />
    <ignoreAction name="Java/Control flow/Expand boolean to multiple ifs" />
    <ignoreAction name="Java/Control flow/Extract 'if' condition" />
    <ignoreAction name="Java/Control flow/Extract to method reference" />
    <ignoreAction name="Java/Control flow/Extract while loop condition to internal if statement" />
    <ignoreAction name="Java/Control flow/Invert 'if' condition" />
    <ignoreAction name="Java/Control flow/Iterate" />
    <ignoreAction name="Java/Control flow/Merge else if" />
    <ignoreAction name="Java/Control flow/Merge nested 'if' statements" />
    <ignoreAction name="Java/Control flow/Merge parallel ifs" />
    <ignoreAction name="Java/Control flow/Merge sequential 'if' statements" />
    <ignoreAction name="Java/Control flow/Move up into 'if' statement branches" />
    <ignoreAction name="Java/Control flow/Replace do while loop with while loop" />
    <ignoreAction name="Java/Control flow/Replace for-each loop with indexed for loop" />
    <ignoreAction name="Java/Control flow/Replace for-each loop with iterator for loop" />
    <ignoreAction name="Java/Control flow/Replace for-each loop with optimized indexed for loop" />
    <ignoreAction name="Java/Control flow/Replace switch with if" />
    <ignoreAction name="Java/Control flow/Replace while loop with do while loop" />
    <ignoreAction name="Java/Control flow/Reverse direction of for loop" />
    <ignoreAction name="Java/Control flow/Split 'if'" />
    <ignoreAction name="Java/Control flow/Split else if" />
    <ignoreAction name="Java/Control flow/Split switch branch with several case values into individual 'switch' branches" />
    <ignoreAction name="Java/Control flow/Swap 'if' statements" />
    <ignoreAction name="Java/Control flow/Transform body to single exit-point form" />
    <ignoreAction name="Java/Control flow/Unroll loop" />
    <ignoreAction name="Java/Control flow/Unwrap 'else' branch" />
    <ignoreAction name="Java/Declaration/Add Javadoc" />
    <ignoreAction name="Java/Declaration/Add Runtime Exception to Method Signature" />
    <ignoreAction name="Java/Declaration/Add explicit type arguments" />
    <ignoreAction name="Java/Declaration/Assign parameter to field" />
    <ignoreAction name="Java/Declaration/Bind parameters to fields" />
    <ignoreAction name="Java/Declaration/Change class type parameter" />
    <ignoreAction name="Java/Declaration/Change variable type to type of initializer" />
    <ignoreAction name="Java/Declaration/Convert Color representation" />
    <ignoreAction name="Java/Declaration/Convert compact constructor to canonical" />
    <ignoreAction name="Java/Declaration/Convert interface to class" />
    <ignoreAction name="Java/Declaration/Copy abstract method implementation" />
    <ignoreAction name="Java/Declaration/Create Test" />
    <ignoreAction name="Java/Declaration/Create field for parameter" />
    <ignoreAction name="Java/Declaration/Create local variable from instanceof usage" />
    <ignoreAction name="Java/Declaration/Extract Set from comparison chain" />
    <ignoreAction name="Java/Declaration/Generate missed test methods" />
    <ignoreAction name="Java/Declaration/Generate overloaded method with default parameter values" />
    <ignoreAction name="Java/Declaration/Implement abstract class or interface" />
    <ignoreAction name="Java/Declaration/Implement abstract method" />
    <ignoreAction name="Java/Declaration/Make method default" />
    <ignoreAction name="Java/Declaration/Move initializer to constructor" />
    <ignoreAction name="Java/Declaration/Replace adapter extension with listener implementation" />
    <ignoreAction name="Java/Declaration/Replace exceptions in throws clause with single more general exception" />
    <ignoreAction name="Java/Declaration/Replace implements with static import" />
    <ignoreAction name="Java/Declaration/Seal class" />
    <ignoreAction name="Java/Declaration/Split declaration" />
    <ignoreAction name="Java/Declaration/Split declaration and initialization" />
    <ignoreAction name="Java/Declaration/Unimplement Interface/Class" />
    <ignoreAction name="Java/Declaration/Wrap vararg arguments with explicit array creation" />
    <ignoreAction name="Java/Expressions/Compute constant value for subexpression" />
    <ignoreAction name="Java/Expressions/Convert 'compareTo()' expression to 'equals()' call" />
    <ignoreAction name="Java/Expressions/Convert number" />
    <ignoreAction name="Java/Expressions/Eliminate parentheses" />
    <ignoreAction name="Java/Expressions/Flip binary expression" />
    <ignoreAction name="Java/Expressions/Flip commutative method call" />
    <ignoreAction name="Java/Expressions/Flip prefix/postfix expression" />
    <ignoreAction name="Java/Expressions/Flip setter call" />
    <ignoreAction name="Java/Expressions/Insert cast expression" />
    <ignoreAction name="Java/Expressions/Randomly change 'serialVersionUID' initializer" />
    <ignoreAction name="Java/Expressions/Replace assignment with postfix expression" />
    <ignoreAction name="Java/Expressions/Replace multiply with shift" />
    <ignoreAction name="Java/Expressions/Replace operator assignment with assignment" />
    <ignoreAction name="Java/Expressions/Replace operator assignment with postfix expression" />
    <ignoreAction name="Java/Expressions/Replace postfix expression with assignment" />
    <ignoreAction name="Java/Expressions/Replace postfix expression with operator assignment" />
    <ignoreAction name="Java/Expressions/Replace shift with multiply" />
    <ignoreAction name="Java/Imports/Add on-demand static import" />
    <ignoreAction name="Java/Imports/Add single-member static import" />
    <ignoreAction name="Java/Imports/Expand static import" />
    <ignoreAction name="Java/Imports/Replace on demand import with single class imports" />
    <ignoreAction name="Java/Internationalization/Replace concatenation with formatted output" />
    <ignoreAction name="Java/JUnit/Convert @DataPoint(s) annotation holder" />
    <ignoreAction name="Java/JUnit/Create JUnit assertion" />
    <ignoreAction name="Java/JUnit/Flip assert literal" />
    <ignoreAction name="Java/JUnit/Move initializer to setUp method" />
    <ignoreAction name="Java/JUnit/Replace assertTrue, assertFalse, or assertNull with assertEquals" />
    <ignoreAction name="Java/Other/Change access modifier" />
    <ignoreAction name="Java/Other/Expand call chain into call sequence" />
    <ignoreAction name="Java/Other/Extract increment" />
    <ignoreAction name="Java/Other/Inline increment/decrement" />
    <ignoreAction name="Java/Other/Merge sequential method calls into call chain" />
    <ignoreAction name="Java/Other/Replace unicode escape with unescaped character" />
    <ignoreAction name="Java/Other/Show example date time output" />
    <ignoreAction name="Java/Other/Sort content" />
    <ignoreAction name="Java/Other/Use 'java.util.Objects.requireNonNull()' expression" />
    <ignoreAction name="Java/Refactorings/Encapsulate field" />
    <ignoreAction name="Java/Refactorings/Extract method" />
    <ignoreAction name="Java/Refactorings/Introduce local variable" />
    <ignoreAction name="Java/Refactorings/Replace constructor with builder" />
    <ignoreAction name="Java/Refactorings/Replace constructor with factory method" />
    <ignoreAction name="Java/Refactorings/Replace nested function call with composition" />
    <ignoreAction name="Java/Streams/Extract to separate mapping method" />
    <ignoreAction name="Java/Streams/Inline stream mapping method" />
    <ignoreAction name="Java/Streams/Merge filters" />
    <ignoreAction name="Java/Streams/Split filter" />
    <ignoreAction name="Java/Strings/Break string on '\n'" />
    <ignoreAction name="Java/Strings/Copy string concatenation text to the clipboard" />
    <ignoreAction name="Java/Strings/Fix character literal" />
    <ignoreAction name="Java/Strings/Join concatenated string literals" />
    <ignoreAction name="Java/Strings/Replace + with StringBuilder.append()" />
    <ignoreAction name="Java/Strings/Replace String.format() with concatenation" />
    <ignoreAction name="Java/Strings/Replace char with string" />
    <ignoreAction name="Java/Strings/Replace octal escape with unicode escape" />
    <ignoreAction name="Java/Strings/Replace string concatenation with String.format()" />
    <ignoreAction name="Java/Try statements/Detail exceptions" />
    <ignoreAction name="Java/Try statements/Merge nested try statements" />
    <ignoreAction name="Java/Try statements/Replace catch section with throws declaration" />
    <ignoreAction name="Java/Try statements/Replace try-with-resources with try-finally" />
    <ignoreAction name="Java/Try statements/Surround with try-with-resources block" />
  </component>
</application>